{"1dPEwdU0vxMUphp18HeFNQ==":"omah-96x76.jpg","V09riQ0IbSvxNNTZpyfe+Q==":"photo_2024-06-11_19-19-121x121.jpg","4s5W+PXKDNPdOQ1zYJFiiA==":"photo_2024-06-11_19-19-121x121.jpeg","7zg7edwtRXEWyXKawAHHOA==":"gunung%20ledang-1200x802.jpeg","ScCJemJSikNZ4ctOitaNtw==":"mbr-160x247.png","tGHfLaKHyQlgnVJprQSZMg==":"mbr-1-160x247.png","GZTbIXXMKPWnow4dVurOeg==":"mbr-2-160x247.png","z7vQNATcLd41Ko9YAMA0RQ==":"mbr-160x160.png","SNMYKju4sq8oqS2hE3lOhg==":"mbr-1-160x160.png","fCmhFrXLEK5ZlpzGvBfeZg==":"mbr-3-160x247.png","1ChcJim20E30EN+vOHN+5g==":"mbr-160x88.png","YxTdUs4HNealVCT72QE9cg==":"mbr-160x245.png","TiIKjGtPufq6ijkMP1EZrQ==":"mbr-2-160x160.png","TEYk/30/IFGr5Rm7URtHXA==":"mbr-160x177.png","SB5FIjAZzJUX6HpiiywXJw==":"mbr-160x151.png","broVcY7tuI2THaDlF8O1Zg==":"mbr-1-160x177.png","VEWK5svtwJ9artzsxgahQQ==":"mbr-3-160x160.png","g19Iu/i0opBvH5sZSBbPHg==":"mbr-4-160x160.png","cCMQW5E2/1aLHdxAYErNgQ==":"omah%20meaning-640x480.jpg","tMAbWXJbOPZ1ZwuXU+vRXQ==":"omah-1476x1043.png","yTrqMcwleB4DwvBIQOFI4w==":"omah-1695x1198.png","BJbAmhsuyyRND0MqvGy+TA==":"mural-lane-1152x648.jpg","rSFoiPXdKiWi4dPaZtKXaQ==":"donhu-dino-296x168.jpg","5n/8d8yzlhIuLzsOEgPq7A==":"donhu-dino1-320x240.jpg","QehKs5/hHAIj1foDIUyXMA==":"dddinoo-912x684.jpeg","NUOBMvkgwBr2nyLXc4R2QA==":"tamanketapang-1468x975.jpg","cSIPkIauFhLRHV+4YIYF7A==":"tanjongmas-720x480.jpg","dmmaBNApG2UNxziwvBQU2g==":"tanjungmas1-1150x767.jpeg","07te85nycfZTM1g7TOSYKg==":"gunungledang-1080x696.jpg","nB7UYqdwbiuHw/mFqdRL6A==":"masjidjamekmuar-960x654.jpeg","0rafRJjriFlW58hXDOF/pw==":"masjidjamekmuar1-1000x667.jpg","DyvHH0hp5jLbyyxh/Dc+vg==":"galeridarurat-1916x1437.jpeg","40ph3G3vQRMA87bm5GEXVQ==":"background-2000x1125.jpeg","g9URQb5Qze8wSWt5GKmnOw==":"bacground.webp","kz0jcE3bPkVUgqc34/5iLQ==":"team2.jpeg","G+PUtcxl8bOgabIeUaf8SQ==":"background-160x90.jpg","yije/uAFFmRXHwEFEOIpqg==":"gallery01.jpeg","v4ZEpbD2yLd/LcJ/YfMWlA==":"rumah%20depan-971x577.png","IByQ0ekAb13wA9Ljd7GbSQ==":"rumah%20depan-971x577.png","qPoNrSTjj9r+GhhhEc7w0A==":"rumah%20depan-971x577.png","eYA/gvA46uciTqoKXUaipw==":"rumah%20depan-971x577.png","tbE6fAUn12U+RujdUaMZSQ==":"mural1-1152x648.jpeg","Lt/WqRWigdx7WP4Fjm1i2Q==":"mural2-1024x681.jpg","FfodaiQG0DFD1rpk0vreyw==":"mural3-1152x648.jpg","7l+50AoonueZ1PFjrmcJ6g==":"taman1-1600x1200.jpeg","efkAmFKlGYgQdEzC1akLXA==":"taman2-1600x1200.jpg","0Ih/Qb2ccvkZA4B7wD2FWA==":"taman3-1600x1200.jpg","B08pfdnrU/PravPfEKV4Pg==":"dino1-912x684.jpg","yiW6U2BsWAfbj+u1Nu+LJg==":"dino2-1800x1350.jpg","MMNMrm1+DnorLW3S7xzqVA==":"dino3-1600x1200.jpg","LDs0dfMBjZ0XW3v79dDhdw==":"tanjung2.webp","tztcaef3YxaETi6xuu1JSQ==":"tanjung1-589x393.jpg","CoJw2wgkRctjrwp3c/JWZw==":"tanjung1-589x393.jpeg","ofut6lW0IGS+lP32sh9QdA==":"tanjung4-545x409.jpeg","lj0i/CGE3QReYbjC8FAoNw==":"tanjung4-1-545x409.jpeg","F5WPisQVjNhItuKpjom8yA==":"tanjung%20emas-365x274.jpg","ads+lhX1PLra/CLsuXYXeA==":"tanjung%20emas-365x274.jpeg","srk4fW9QPGhaetlRd6x9hg==":"tanjung%20emas-365x274.jpeg","txGC/JpvHmdFMQuwF9LozQ==":"tanjung1-1360x1020.jpg","dmpf76+WNhflYRrLXvBVgw==":"tanjung1-292x219.jpg","Wys1B1dzwqXdlGNmDj0nfw==":"tanjung2-1359x1020.jpg","CxhLza9zui+cFDkSdxpyRw==":"tanjung1-1360x1020.jpeg","MK9AS61YE0H1JWnvcNKxAQ==":"tanjung1-1-1360x1020.jpeg","1bHWIJD98vyKKFoZIMRBVA==":"tanjung3-1088x816.jpeg","sx2CWzCfJw4R6E2ujO3DOw==":"tanjung4-1360x765.jpg","Mr1cFS7GQVmrdz9DQGBp8Q==":"tanjung5-870x653.jpg","6gw1qQSN6DMSnC117hCB0g==":"air2-1360x1020.jpg","jUQrNPxfBGZKJ0bUxZ9zxA==":"air3-1360x1020.jpg","YxmA+exEREU28Dl61B6Sew==":"masjid1-1360x1020.jpg","PRN0b6ZzBgCPyC5GlBszqQ==":"masjid2-1360x1020.jpg","hFaL5yOA41cE8pV4BJW2lQ==":"masjid3-1360x765.jpg","g76kv2z84SsRsHCZWndF7Q==":"galeri1-1360x765.jpg","AZ7mMFprharYMkSrOGW2Fw==":"galeri2-1360x1020.jpg","mOFgTJPEsLb7knsfsgkFMg==":"galeri3-1360x1020.jpg","b0yHJPuBDNIazrNzzYx4yw==":"terjun1-765x1020.jpeg","oVPnlTj7lmNtyV97wPYzaA==":"terjun2-183x275.jpg","lsHh6Xm/MFgAjsCwHDULrA==":"air2-183x137.jpg","kLmhw3OF4u0yASFcoliYoQ==":"air2-1080x810.jpg","QfVqqd61JQkk/YhYhIUyRg==":"tanjung3-1360x1020.jpg","d6KvSamBsmHRaW0kuWjdPQ==":"tanjung6-1280x720.jpg","yKk66aQnthupkgKa/MUtEw==":"yusmarina-75x75.png","Je6AvsrdMqLcdRiVNHyF6w==":"yusmarina-1-75x75.png","QwoT5/bfjHo2iKG3MEMerg==":"rectify_img_20240529-203140-160x111.jpg","DeoQRqoNOzopfINZ+izrJA==":"photo_2024-06-10_15-33-30-815x614.jpg","smEHHgLz3FJmP9v5RmdJxw==":"photo_2024-06-10_15-33-30-815x614.jpeg","fXFpPcKO0TElo+SyWCSqug==":"livingroom2-815x1087.jpeg","pNrM9tuiiYgW6Bg815A2MA==":"img_20240610_150246-596-815x1082.jpeg","/Qm8BOjjdMxmWrUFuzy5ew==":"img_20240610_150246-687-815x1082.jpeg","LPeammL7ASJ3V7ZcLyAH7w==":"img_20240610_150247-53-815x1082.jpg","G2klDC656BLRIXksEWxceQ==":"img_20240610_150246-597-815x1082.jpeg","SmT9WaVSxbQxS3e+iGp1oA==":"img_20240610_150246-687-815x1082.jpg","SoKd0r/Vu9yjo/XBsV1cww==":"photo_14_2024-06-10_15-02-3-815x1082.jpg","6fl0KYIg2et0LWJrSV9irw==":"img_20240610_150241-409-815x1082.jpg","8lhijgiEEhwYshNxT5o1UA==":"img_20240610_150246-513-815x1082.jpeg","bTPHb+iKaBdkVWFGAC+0lw==":"img_20240610_150246-911-815x1082.jpeg","/jbo+lMq7o008DRPJ3SvFg==":"img_20240610_150247-19-815x1082.jpg","KGAfsRTCfAdhVG/Ow39Y3w==":"bedroom2-815x1082.jpeg","KIZxNO8d6Eot9OZLrCqyZA==":"bedroom2-815x1082.jpg","TsQb3uPcAiR30uP/h12LLA==":"bedroom2(2)-815x1082.jpg","iR4tX5H6DCIkw5eYB9a2lg==":"livingroom3-815x1449.jpg","6sDYGCxTF0HRZzb7kdXFFA==":"livingroom3-815x1449.jpeg","RBeahh+4cH3//452rd4AEw==":"livingroom3-1-815x1449.jpeg","dov8z2ExcsWiuakpYDyusA==":"livingroom2-815x1087.jpg","azT9gjetJe7QDm/MKdW+WA==":"livingroom1-815x611.jpeg","c3XonvLNn4miiYjFXR0N1Q==":"livingroom1-1-815x611.jpeg","KjmU+gxuaUTKiH4uMybozA==":"livingroom1-2-815x611.jpeg","8hlhvLyoh0y1qWkZA4SlGQ==":"kitchen1-815x614.jpg","WkTRReQd6FjCmoRKaLOyFA==":"kitchen1-815x614.jpeg","3zWwQSsKmp2+mWHpKXYx7w==":"kitchen2-815x612.png","c2ONHUZNw6hdhzyU6x11sg==":"livingroom3-2-815x1449.jpeg"}